acts: a*c 1
acts: at 34
acts: bac 3
acts: ct 18
acts: jac 104
acts: lac 4
acts: lact 3
acts: lactan 4
acts: mac 84
acts: sac 2

amos: admo 1
amos: amb 1
amos: ambros 1
amos: amoc 1
amos: amor 6
amos: amoz 1
amos: arm 2
amos: cam 1
amos: dam 3
amos: gam 1
amos: mos 7
amos: nam 3
amos: ram 2
amos: tam 3

baruch: ar 8
baruch: barn 2
baruch: baruck 1
baruch: ber 1
baruch: ebr 27

canticles: ant 4
canticles: can 150
canticles: canc 1

chronicles: ceron 1
chronicles: cha 56
chronicles: char 2
chronicles: chi 1
chronicles: chion 2
chronicles: chon 2
chronicles: chor 1
chronicles: chorn 1
chronicles: chr*n 4
chronicles: chren 1
chronicles: chriso 1
chronicles: chrom 1
chronicles: chroni 1
chronicles: chrou 1
chronicles: chrs 2
chronicles: chton 2
chronicles: con 2
chronicles: cro 55
chronicles: ech 5
chronicles: jch 6
chronicles: nch 4
chronicles: ron 5

colossians: closs 1
colossians: col*ss 6
colossians: coles 1
colossians: coless 2
colossians: coll 44
colossians: collo 4
colossians: collos 31
colossians: colloss 17
colossians: colo 11
colossians: colossi 1
colossians: coss 1
colossians: ecol 1
colossians: loss 1
colossians: ol 14

corinthians: c*r 22
corinthians: cer 10
corinthians: cir 1
corinthians: co*in 1
corinthians: corint 9
corinthians: corr 1
corinthians: cors 1
corinthians: couinth 1
corinthians: cra 1
corinthians: cur 1
corinthians: jcr 17
corinthians: or 12

daniel: an 23
daniel: d*n 8
daniel: dani 7
daniel: danie 1
daniel: daniell 3
daniel: dar 1
daniel: dat 1
daniel: dau 3
daniel: den 10
daniel: din 3
daniel: don 1
daniel: dun 2

deuteronomy: d*t 2
deuteronomy: d*ut 19
deuteronomy: dcut 4
deuteronomy: dec 22
deuteronomy: def 76
deuteronomy: dei 19
deuteronomy: dem 2
deuteronomy: des 2
deuteronomy: det 2
deuteronomy: detr 1
deuteronomy: deue 1
deuteronomy: deuer 1
deuteronomy: deur 8
deuteronomy: deus 1
deuteronomy: deute 2
deuteronomy: deutero 2
deuteronomy: deutr 16
deuteronomy: deutro 2
deuteronomy: deutrono 1
deuteronomy: dew 2
deuteronomy: dout 5
deuteronomy: duet 4
deuteronomy: eu 20
deuteronomy: ode 1
deuteronomy: ut 9

ecclesiastes: becles 1
ecclesiastes: ccl 2
ecclesiastes: cles 13
ecclesiastes: e*cles 5
ecclesiastes: ec*les 2
ecclesiastes: ec*lus 1
ecclesiastes: ecc*es 2
ecclesiastes: ecc*s 1
ecclesiastes: ecccles 1
ecclesiastes: ecce 1
ecclesiastes: ecces 5
ecclesiastes: ecceus 1
ecclesiastes: eccl*s 9
ecclesiastes: ecclas 2
ecclesiastes: ecclc 4
ecclesiastes: ecclef 2
ecclesiastes: ecclesi 8
ecclesiastes: ecclesias 1
ecclesiastes: ecclesiast 26
ecclesiastes: eccless 5
ecclesiastes: ecclf 1
ecclesiastes: eccli 2
ecclesiastes: ecclis 1
ecclesiastes: eccus 1
ecclesiastes: eceles 8
ecclesiastes: ecl 8
ecclesiastes: ecle 1
ecclesiastes: eclus 1
ecclesiastes: eecl 2
ecclesiastes: excles 2
ecclesiastes: fccles 2
ecclesiastes: fecles 1

ecclesiasticus: eccius 1
ecclesiasticus: eccsus 1

ephesians: e*hes 6
ephesians: e*ph 1
ephesians: ehe 1
ephesians: ehpes 3
ephesians: ep*es 1
ephesians: epes 11
ephesians: eph*s 20
ephesians: ephc 2
ephesians: ephef 4
ephesians: ephese 1
ephesians: ephesi 3
ephesians: ephis 2
ephesians: ephos 2
ephesians: epht 1
ephesians: eppes 1
ephesians: hes 8
ephesians: jeph 1
ephesians: ph 39
ephesians: phe 6
ephesians: seph 1

epistle: ehp 1
epistle: epb 2
epistle: epi 2
epistle: epict 8
epistle: epis 2
epistle: epl 1
epistle: ept 1
epistle: pist 9
epistle: rep 2
epistle: sep 3
epistle: sept 22

esther: esd 53
esther: esdt 1
esther: esr 5
esther: ess 1
esther: est*r 1
esther: este 1
esther: esth*r 1
esther: et 28
esther: eth 38
esther: eus 1
esther: hest 178
esther: hester 50
esther: hesth 2
esther: jes 6
esther: les 2
esther: res 1
esther: st 4
esther: ues 1

exodus: eod 6
exodus: exdo 1
exodus: exe 4
exodus: exob 1
exodus: exoe 1
exodus: hex 2
exodus: lex 1
exodus: rex 1

ezekiel: aezek 1
ezekiel: eek 2
ezekiel: eezk 1
ezekiel: enech 1
ezekiel: esech 2
ezekiel: exech 6
ezekiel: ez*ch 2
ezekiel: ez*k 19
ezekiel: ez*kiel 2
ezekiel: ezach 1
ezekiel: ezc 3
ezekiel: ezch 3
ezekiel: ezechi 3
ezekiel: ezechiel 3
ezekiel: ezeck 28
ezekiel: ezeh 2
ezekiel: ezel 1
ezekiel: ezeth 4
ezekiel: ezez 1
ezekiel: ezik 1
ezekiel: ezke 1
ezekiel: ze 1
ezekiel: zecha 7
ezekiel: zek 17

ezra: er 54
ezra: era 1
ezra: ezo 3
ezra: ezrae 1
ezra: ezrah 5
ezra: ezras 1

galatians: al 28
galatians: gab 1
galatians: gad 1
galatians: gael 1
galatians: gai 2
galatians: gala 45
galatians: galath 76
galatians: gall 14
galatians: galla 2
galatians: gallat 1
galatians: gan 2
galatians: gas 3
galatians: gea 2
galatians: gla 1
galatians: golat 1
galatians: gra 1

genesis: age 1
genesis: benes 1
genesis: en 15
genesis: g*n 29
genesis: geen 1
genesis: gel 5
genesis: gem 4
genesis: gen*s 3
genesis: genc 1
genesis: gener 1
genesis: gent 3
genesis: geo 1
genesis: ger 7
genesis: get 1
genesis: geu 1
genesis: gon 2
genesis: rgen 1

habakkuk: ab 3
habakkuk: abac 36
habakkuk: abak 5
habakkuk: ap 25
habakkuk: h*b 60
habakkuk: ha 1
habakkuk: haba 17
habakkuk: habab 1
habakkuk: habacuk 2
habakkuk: habak 68
habakkuk: habr 2
habakkuk: habuc 1
habakkuk: halac 1
habakkuk: hcb 3
habakkuk: hib 1
habakkuk: hob 6
habakkuk: jhb 1

haggai: ag 13
haggai: agg 27
haggai: hagga 1
haggai: hagge 2
haggai: haggi 2

hebrews: eb 19
hebrews: he 40
hebrews: hebra 5
hebrews: hebre 4
hebrews: hebrewes 6
hebrews: hebru 6
hebrews: herb 1

hosea: h*sea 3
hosea: heo 1
hosea: hesh 1
hosea: ho*ea 1
hosea: hoa 1
hosea: hof 4
hosea: hol 3
hosea: hom 17
hosea: hos*a 1
hosea: hosa 2
hosea: hosc 2
hosea: hosca 9
hosea: hoseah 6
hosea: hoseas 2
hosea: hosee 3
hosea: host 7
hosea: hs 2
hosea: jho 5
hosea: os 24
hosea: ose 80
hosea: osea 14
hosea: oseah 1
hosea: oseas 2
hosea: sh 3
hosea: tho 17

isaiah: aiah 1
isaiah: eay 4
isaiah: eisai 1
isaiah: es*i 3
isaiah: esaia 1
isaiah: esaiah 8
isaiah: esaie 16
isaiah: esar 3
isaiah: esau 3
isaiah: esih 1
isaiah: esni 1
isaiah: esra 8
isaiah: j*sa 1
isaiah: ja 52
isaiah: js 453
isaiah: jsaai 1
isaiah: jsah 1
isaiah: jsaia 9
isaiah: jsaiae 2
isaiah: jsaias 2
isaiah: jsaih 3
isaiah: jsal 41
isaiah: jsalah 1
isaiah: jsam 1
isaiah: jsas 1
isaiah: jsat 1
isaiah: jsi 1
isaiah: sa 378
isaiah: sai 12
isaiah: sal 65
isaiah: say 30
isaiah: ysaiah 1

james: ames 13
james: as 3
james: j*am 1
james: j*m 10
james: j*mes 1
james: jam*s 3
james: jame 4
james: janes 1
james: jeam 1
james: jim 1
james: jom 3

jeremiah: hierem 2
jeremiah: hieremiah 1
jeremiah: j*r 32
jeremiah: j*rem 6
jeremiah: je*em 1
jeremiah: jea 1
jeremiah: jeb 7
jeremiah: jebr 2
jeremiah: jeh 1
jeremiah: jen 1
jeremiah: jer*m 6
jeremiah: jeramiah 1
jeremiah: jerc 1
jeremiah: jercm 1
jeremiah: jeremi 4
jeremiah: jeremia 1
jeremiah: jeremie 8
jeremiah: jeremy 24
jeremiah: jereniah 1
jeremiah: jero 1
jeremiah: jerom 5
jeremiah: jet 14
jeremiah: jexem 1
jeremiah: joe 1
jeremiah: jor 7
jeremiah: jorem 2
jeremiah: jra 7
jeremiah: jsr 1
jeremiah: rem 19

job: j*b 18
job: jab 2
job: jbo 1
job: jib 1
job: jo 527
job: jobi 3
job: jobn 3
job: josb 2
job: jub 1

joel: j*l 1
joel: jal 1
joel: jol 5
joel: jul 4

john: j*hn 8
john: jan 40
john: jehn 2
john: jh 1
john: jhon 11
john: jn 28
john: jo*h 2
john: joa 7
john: joann 5
john: joans 1
john: joha 1
john: johan 31
john: johh 2
john: johon 1
john: johu 1
john: jonan 1
john: joth 1
john: oh 44

jonah: jo*ah 2
jonah: jo*n 9
jonah: johah 1
jonah: jon*h 1
jonah: jonab 2
jonah: jonak 1
jonah: jonas 67
jonah: jonath 1
jonah: jonoh 1
jonah: on 2

joshua: j*sh 11
joshua: jhshua 1
joshua: joes 1
joshua: jose 1
joshua: joseph 3
joshua: joshu 8
joshua: joshuah 11
joshua: jossh 1
joshua: josuah 27
joshua: josue 6
joshua: jou 1

jude: j*d 6
jude: jnd 1
jude: jod 4
jude: ju 7
jude: juda 1
jude: judae 1
jude: judeth 5
jude: judge 8
jude: judi 5
jude: judie 1

judges: dg 1
judges: j*dg 3
judges: jndg 2
judges: jng 3
judges: jug 6
judges: juge 1

judith: jath 2
judith: jt 8
judith: judit 2

kings: eg 3
kings: greg 1
kings: ki 68
kings: kins 1
kings: kng 1
kings: kni 1
kings: regu 1

lamentations: ala 1
lamentations: lae 1
lamentations: lag 1
lamentations: lak 2
lamentations: lamen 54
lamentations: lamenta 1
lamentations: lan 1
lamentations: lat 2
lamentations: law 1
lamentations: lsa 3
lamentations: ment 3

leviticus: l*e 1
leviticus: l*uit 4
leviticus: leb 1
leviticus: leg 2
leviticus: lek 1
leviticus: lel 1
leviticus: lem 1
leviticus: ler 11
leviticus: let 5
leviticus: leui 50
leviticus: leuir 1
leviticus: leuk 1
leviticus: leut 2
leviticus: lne 1
leviticus: lu 224
leviticus: lue 10

luke: l*c 6
luke: l*k 18
luke: l*uk 1
luke: lnk 2
luke: lok 1
luke: luac 1
luke: luca 1
luke: luce 3
luke: luck 8
luke: lukc 1
luke: lukke 1

malachi: lach 2
malachi: m*l 7
malachi: m*lac 3
malachi: m*lach 1
malachi: ma 56
malachi: ma*ac 1
malachi: mach 21
malachi: mala*h 2
malachi: malachie 1
malachi: malachy 2
malachi: mall 1
malachi: mallac 2
malachi: maul 1
malachi: mil 1
malachi: mrl 1

mark: ark 3
mark: m*k 1
mark: m*r 4
mark: m*rk 2
mark: mak 2
mark: march 38
mark: marck 1
mark: marcus 1
mark: mare 7
mark: maro 1
mark: mart 8
mark: mor 9
mark: mork 1
mark: mrt 1
mark: muk 2

matthew: ath 3
matthew: att 7
matthew: latth 1
matthew: m*t 27
matthew: m*tth 6
matthew: ma*th 13
matthew: maeth 1
matthew: mah 1
matthew: maith 3
matthew: marth 19
matthew: mat*h 13
matthew: matht 1
matthew: matk 2
matthew: met 5
matthew: mit 2
matthew: mot 3

micah: m*cah 4
micah: macah 1
micah: macha 1
micah: mi 3
micah: mic*h 2
micah: micab 2
micah: mical 1
micah: mich 285
micah: michah 5
micah: miche 1
micah: michea 1
micah: micheah 1
micah: mieah 1
micah: mieha 1
micah: muc 1

nahum: ah 1
nahum: nab 3
nahum: nahem 1
nahum: nahu 2
nahum: nal 2
nahum: nath 2
nahum: naum 4

nehemiah: mehem 1
nehemiah: n*hem 2
nehemiah: neb 8
nehemiah: nech 1
nehemiah: nehcm 1
nehemiah: nehemi 2
nehemiah: nekem 1
nehemiah: neu 1

numbers: n*m 7
numbers: nom 11
numbers: nou 22
numbers: nouemb 25
numbers: number 1
numbers: nume 1
numbers: numer 11

obadiah: lob 4
obadiah: obediah 2

peter: p*t 31
peter: pat 6
peter: pct 4
peter: pec 3
peter: pen 1
peter: per 34
peter: pete 1
peter: pot 4
peter: pre 6
peter: pse 1
peter: pto 1

philemon: p*ilemon 1
philemon: p*m 1

philippians: hi 1
philippians: hil 10
philippians: p*ilip 1
philippians: phii 1
philippians: phiip 1
philippians: phili 3
philippians: philia 1
philippians: phill 3
philippians: philo 1
philippians: philp 1
philippians: phis 3
philippians: phl 1
philippians: phli 1
philippians: pil 2
philippians: plilip 1
philippians: thilip 1

proverbs: apr 4
proverbs: ou 15
proverbs: p*ou 13
proverbs: par 24
proverbs: peou 1
proverbs: piou 1
proverbs: po 1
proverbs: pouer 1
proverbs: pr*u 8
proverbs: pra 2
proverbs: preu 5
proverbs: proc 1
proverbs: prod 1
proverbs: proer 2
proverbs: prom 1
proverbs: pron 11
proverbs: prop 1
proverbs: pros 1
proverbs: prouer 27
proverbs: prouorb 1
proverbs: prow 1
proverbs: psou 1
proverbs: rou 16

psalms: pa 111
psalms: pal 12
psalms: palm 5
psalms: pas 1
psalms: pasa 1
psalms: pasal 1
psalms: pasl 1
psalms: pl 3
psalms: pol 6
psalms: pos 1
psalms: ps*l 36
psalms: ps*lm 3
psalms: psai 5
psalms: psam 9
psalms: psame 1
psalms: psas 1
psalms: psay 2
psalms: psi 1
psalms: psil 2
psalms: psul 5
psalms: salm 2
psalms: sol 4

revelation: apal 1
revelation: apho 1
revelation: aphor 3
revelation: apocalip 2
revelation: apocalips 1
revelation: apoe 2
revelation: apol 6
revelation: apoo 1
revelation: apos 3
revelation: apot 5
revelation: are 4
revelation: poc 7
revelation: r*uel 3
revelation: rauel 1
revelation: reb 2
revelation: reiel 1
revelation: ren 12
revelation: renel 3
revelation: rer 1
revelation: rerel 1
revelation: reual 1
revelation: reucl 3
revelation: reud 1
revelation: reuelat 34
revelation: reuil 3
revelation: reul 2
revelation: reule 1
revelation: reuol 2
revelation: reutl 1
revelation: rew 1
revelation: riuel 1
revelation: rouel 1
revelation: ruel 3
revelation: treu 1

romans: ero 1
romans: fro 1
romans: from 2
romans: om 49
romans: r*m 19
romans: rhm 1
romans: rmo 2
romans: rod 1
romans: roma 9
romans: rome 1
romans: romi 1
romans: room 2
romans: row 1
romans: srm 1
romans: tro 2

ruth: arth 1
ruth: r*u 13
ruth: rt 1
ruth: rud 2
ruth: ruf 22
ruth: uth 1

samuel: s*m 21
samuel: s*muel 1
samuel: samu 3
samuel: samul 1
samuel: sem 3
samuel: sim 3
samuel: som 1
samuel: sum 4

thessalonians: hess 3
thessalonians: tess 1
thessalonians: th*ss 3
thessalonians: the 79
thessalonians: thesa 1
thessalonians: thesi 1
thessalonians: thesl 2
thessalonians: thessa 9
thessalonians: thessal 13
thessalonians: thiest 16
thessalonians: thr 1
thessalonians: thy 6

timothy: moth 3
timothy: thom 28
timothy: ti 37
timothy: time 1
timothy: timi 1
timothy: timot 4
timothy: tims 1
timothy: tm 1
timothy: to 20

titus: ti*us 2
titus: tirus 2
titus: tis 1
titus: tite 1

tobit: tobi*s 1
tobit: tobiae 1
tobit: toby 3

zechariah: z*c 1
zechariah: z*ch 16
zechariah: z*char 1
zechariah: za 2
zechariah: za*har 1
zechariah: zacb 2
zechariah: zacha 8
zechariah: zachary 2
zechariah: zache 2
zechariah: zack 5
zechariah: zechar 24
zechariah: zechat 1
zechariah: zeck 2
zechariah: zich 3
zechariah: zoch 1
zechariah: zsch 1

zephaniah: phan 1
zephaniah: zepha 4
zephaniah: zephany 2
zephaniah: zepho 1

